{
  "buffers": [
    {
      "alignment": 4,
      "batch": 0,
      "channel_first": true,
      "channel_last": true,
      "epochs": {
        "end": 1,
        "start": 0
      },
      "flags": "STAI_FLAG_WEIGHTS|STAI_FLAG_CONST|STAI_FLAG_PREALLOCATED",
      "format": "STAI_FORMAT_FLOAT",
      "id": 1614,
      "intq": {},
      "is_param": true,
      "mpool_id": 1,
      "name": "_0_Conv_output_0_bias_array",
      "nbits": 32,
      "offset_start": 4224,
      "qmn": {},
      "shape": [
        22
      ],
      "shape_map": [
        "CH"
      ],
      "size_bytes": 88
    },
    {
      "alignment": 4,
      "batch": 0,
      "channel_first": false,
      "channel_last": true,
      "epochs": {
        "end": 10,
        "start": 6
      },
      "flags": "STAI_FLAG_PREALLOCATED|STAI_FLAG_ACTIVATIONS",
      "format": "STAI_FORMAT_FLOAT",
      "id": 1565,
      "intq": {},
      "is_param": false,
      "mpool_id": 0,
      "name": "_0_Conv_output_0_output_array",
      "nbits": 32,
      "offset_start": 12480,
      "qmn": {},
      "shape": [
        31,
        31,
        22
      ],
      "shape_map": [
        "H",
        "W",
        "CH"
      ],
      "size_bytes": 84568
    },
    {
      "alignment": 4,
      "batch": 0,
      "channel_first": false,
      "channel_last": true,
      "epochs": {
        "end": 8,
        "start": 5
      },
      "flags": "STAI_FLAG_PREALLOCATED|STAI_FLAG_ACTIVATIONS|STAI_FLAG_SCRATCHS",
      "format": "STAI_FORMAT_FLOAT",
      "id": 1693,
      "intq": {},
      "is_param": false,
      "mpool_id": 0,
      "name": "_0_Conv_output_0_scratch0_array",
      "nbits": 32,
      "offset_start": 0,
      "qmn": {},
      "shape": [
        4,
        4,
        3,
        1
      ],
      "shape_map": [
        "H",
        "W",
        "CH",
        "CH_IN"
      ],
      "size_bytes": 192
    },
    {
      "alignment": 4,
      "batch": 0,
      "channel_first": true,
      "channel_last": false,
      "epochs": {
        "end": 1,
        "start": 0
      },
      "flags": "STAI_FLAG_WEIGHTS|STAI_FLAG_CONST|STAI_FLAG_PREALLOCATED",
      "format": "STAI_FORMAT_FLOAT",
      "id": 1611,
      "intq": {},
      "is_param": true,
      "mpool_id": 1,
      "name": "_0_Conv_output_0_weights_array",
      "nbits": 32,
      "offset_start": 0,
      "qmn": {},
      "shape": [
        22,
        4,
        4,
        3
      ],
      "shape_map": [
        "CH",
        "H",
        "W",
        "CH_IN"
      ],
      "size_bytes": 4224
    },
    {
      "alignment": 4,
      "batch": 0,
      "channel_first": true,
      "channel_last": true,
      "epochs": {
        "end": 1,
        "start": 0
      },
      "flags": "STAI_FLAG_WEIGHTS|STAI_FLAG_CONST|STAI_FLAG_PREALLOCATED",
      "format": "STAI_FORMAT_FLOAT",
      "id": 1644,
      "intq": {},
      "is_param": true,
      "mpool_id": 1,
      "name": "_10_BatchNormalization_output_0_bias_array",
      "nbits": 32,
      "offset_start": 98032,
      "qmn": {},
      "shape": [
        44
      ],
      "shape_map": [
        "CH"
      ],
      "size_bytes": 176
    },
    {
      "alignment": 4,
      "batch": 0,
      "channel_first": false,
      "channel_last": true,
      "epochs": {
        "end": 33,
        "start": 29
      },
      "flags": "STAI_FLAG_PREALLOCATED|STAI_FLAG_ACTIVATIONS",
      "format": "STAI_FORMAT_FLOAT",
      "id": 1583,
      "intq": {},
      "is_param": false,
      "mpool_id": 0,
      "name": "_10_BatchNormalization_output_0_output_array",
      "nbits": 32,
      "offset_start": 0,
      "qmn": {},
      "shape": [
        14,
        14,
        44
      ],
      "shape_map": [
        "H",
        "W",
        "CH"
      ],
      "size_bytes": 34496
    },
    {
      "alignment": 4,
      "batch": 0,
      "channel_first": true,
      "channel_last": true,
      "epochs": {
        "end": 1,
        "start": 0
      },
      "flags": "STAI_FLAG_WEIGHTS|STAI_FLAG_CONST|STAI_FLAG_PREALLOCATED",
      "format": "STAI_FORMAT_FLOAT",
      "id": 1641,
      "intq": {},
      "is_param": true,
      "mpool_id": 1,
      "name": "_10_BatchNormalization_output_0_scale_array",
      "nbits": 32,
      "offset_start": 97856,
      "qmn": {},
      "shape": [
        44
      ],
      "shape_map": [
        "CH"
      ],
      "size_bytes": 176
    },
    {
      "alignment": 4,
      "batch": 0,
      "channel_first": true,
      "channel_last": true,
      "epochs": {
        "end": 1,
        "start": 0
      },
      "flags": "STAI_FLAG_WEIGHTS|STAI_FLAG_CONST|STAI_FLAG_PREALLOCATED",
      "format": "STAI_FORMAT_FLOAT",
      "id": 1650,
      "intq": {},
      "is_param": true,
      "mpool_id": 1,
      "name": "_11_Conv_output_0_bias_array",
      "nbits": 32,
      "offset_start": 222112,
      "qmn": {},
      "shape": [
        44
      ],
      "shape_map": [
        "CH"
      ],
      "size_bytes": 176
    },
    {
      "alignment": 4,
      "batch": 0,
      "channel_first": false,
      "channel_last": true,
      "epochs": {
        "end": 36,
        "start": 32
      },
      "flags": "STAI_FLAG_PREALLOCATED|STAI_FLAG_ACTIVATIONS",
      "format": "STAI_FORMAT_FLOAT",
      "id": 1585,
      "intq": {},
      "is_param": false,
      "mpool_id": 0,
      "name": "_11_Conv_output_0_output_array",
      "nbits": 32,
      "offset_start": 37312,
      "qmn": {},
      "shape": [
        13,
        13,
        44
      ],
      "shape_map": [
        "H",
        "W",
        "CH"
      ],
      "size_bytes": 29744
    },
    {
      "alignment": 4,
      "batch": 0,
      "channel_first": false,
      "channel_last": true,
      "epochs": {
        "end": 34,
        "start": 31
      },
      "flags": "STAI_FLAG_PREALLOCATED|STAI_FLAG_ACTIVATIONS|STAI_FLAG_SCRATCHS",
      "format": "STAI_FORMAT_FLOAT",
      "id": 1714,
      "intq": {},
      "is_param": false,
      "mpool_id": 0,
      "name": "_11_Conv_output_0_scratch0_array",
      "nbits": 32,
      "offset_start": 34496,
      "qmn": {},
      "shape": [
        4,
        4,
        44,
        1
      ],
      "shape_map": [
        "H",
        "W",
        "CH",
        "CH_IN"
      ],
      "size_bytes": 2816
    },
    {
      "alignment": 4,
      "batch": 0,
      "channel_first": true,
      "channel_last": false,
      "epochs": {
        "end": 1,
        "start": 0
      },
      "flags": "STAI_FLAG_WEIGHTS|STAI_FLAG_CONST|STAI_FLAG_PREALLOCATED",
      "format": "STAI_FORMAT_FLOAT",
      "id": 1647,
      "intq": {},
      "is_param": true,
      "mpool_id": 1,
      "name": "_11_Conv_output_0_weights_array",
      "nbits": 32,
      "offset_start": 98208,
      "qmn": {},
      "shape": [
        44,
        4,
        4,
        44
      ],
      "shape_map": [
        "CH",
        "H",
        "W",
        "CH_IN"
      ],
      "size_bytes": 123904
    },
    {
      "alignment": 4,
      "batch": 0,
      "channel_first": false,
      "channel_last": true,
      "epochs": {
        "end": 38,
        "start": 35
      },
      "flags": "STAI_FLAG_PREALLOCATED|STAI_FLAG_ACTIVATIONS",
      "format": "STAI_FORMAT_FLOAT",
      "id": 1587,
      "intq": {},
      "is_param": false,
      "mpool_id": 0,
      "name": "_12_Relu_output_0_output_array",
      "nbits": 32,
      "offset_start": 0,
      "qmn": {},
      "shape": [
        13,
        13,
        44
      ],
      "shape_map": [
        "H",
        "W",
        "CH"
      ],
      "size_bytes": 29744
    },
    {
      "alignment": 4,
      "batch": 0,
      "channel_first": true,
      "channel_last": true,
      "epochs": {
        "end": 1,
        "start": 0
      },
      "flags": "STAI_FLAG_WEIGHTS|STAI_FLAG_CONST|STAI_FLAG_PREALLOCATED",
      "format": "STAI_FORMAT_FLOAT",
      "id": 1656,
      "intq": {},
      "is_param": true,
      "mpool_id": 1,
      "name": "_13_BatchNormalization_output_0_bias_array",
      "nbits": 32,
      "offset_start": 222464,
      "qmn": {},
      "shape": [
        44
      ],
      "shape_map": [
        "CH"
      ],
      "size_bytes": 176
    },
    {
      "alignment": 4,
      "batch": 0,
      "channel_first": false,
      "channel_last": true,
      "epochs": {
        "end": 40,
        "start": 37
      },
      "flags": "STAI_FLAG_PREALLOCATED|STAI_FLAG_ACTIVATIONS",
      "format": "STAI_FORMAT_FLOAT",
      "id": 1589,
      "intq": {},
      "is_param": false,
      "mpool_id": 0,
      "name": "_13_BatchNormalization_output_0_output_array",
      "nbits": 32,
      "offset_start": 29744,
      "qmn": {},
      "shape": [
        13,
        13,
        44
      ],
      "shape_map": [
        "H",
        "W",
        "CH"
      ],
      "size_bytes": 29744
    },
    {
      "alignment": 4,
      "batch": 0,
      "channel_first": true,
      "channel_last": true,
      "epochs": {
        "end": 1,
        "start": 0
      },
      "flags": "STAI_FLAG_WEIGHTS|STAI_FLAG_CONST|STAI_FLAG_PREALLOCATED",
      "format": "STAI_FORMAT_FLOAT",
      "id": 1653,
      "intq": {},
      "is_param": true,
      "mpool_id": 1,
      "name": "_13_BatchNormalization_output_0_scale_array",
      "nbits": 32,
      "offset_start": 222288,
      "qmn": {},
      "shape": [
        44
      ],
      "shape_map": [
        "CH"
      ],
      "size_bytes": 176
    },
    {
      "alignment": 4,
      "batch": 0,
      "channel_first": false,
      "channel_last": true,
      "epochs": {
        "end": 43,
        "start": 39
      },
      "flags": "STAI_FLAG_PREALLOCATED|STAI_FLAG_ACTIVATIONS",
      "format": "STAI_FORMAT_FLOAT",
      "id": 1591,
      "intq": {},
      "is_param": false,
      "mpool_id": 0,
      "name": "_14_MaxPool_output_0_output_array",
      "nbits": 32,
      "offset_start": 0,
      "qmn": {},
      "shape": [
        6,
        6,
        44
      ],
      "shape_map": [
        "H",
        "W",
        "CH"
      ],
      "size_bytes": 6336
    },
    {
      "alignment": 4,
      "batch": 0,
      "channel_first": true,
      "channel_last": true,
      "epochs": {
        "end": 1,
        "start": 0
      },
      "flags": "STAI_FLAG_WEIGHTS|STAI_FLAG_CONST|STAI_FLAG_PREALLOCATED",
      "format": "STAI_FORMAT_FLOAT",
      "id": 1662,
      "intq": {},
      "is_param": true,
      "mpool_id": 1,
      "name": "_16_Conv_output_0_bias_array",
      "nbits": 32,
      "offset_start": 473264,
      "qmn": {},
      "shape": [
        89
      ],
      "shape_map": [
        "CH"
      ],
      "size_bytes": 356
    },
    {
      "alignment": 4,
      "batch": 0,
      "channel_first": false,
      "channel_last": true,
      "epochs": {
        "end": 46,
        "start": 42
      },
      "flags": "STAI_FLAG_PREALLOCATED|STAI_FLAG_ACTIVATIONS",
      "format": "STAI_FORMAT_FLOAT",
      "id": 1593,
      "intq": {},
      "is_param": false,
      "mpool_id": 0,
      "name": "_16_Conv_output_0_output_array",
      "nbits": 32,
      "offset_start": 9152,
      "qmn": {},
      "shape": [
        5,
        5,
        89
      ],
      "shape_map": [
        "H",
        "W",
        "CH"
      ],
      "size_bytes": 8900
    },
    {
      "alignment": 4,
      "batch": 0,
      "channel_first": false,
      "channel_last": true,
      "epochs": {
        "end": 44,
        "start": 41
      },
      "flags": "STAI_FLAG_PREALLOCATED|STAI_FLAG_ACTIVATIONS|STAI_FLAG_SCRATCHS",
      "format": "STAI_FORMAT_FLOAT",
      "id": 1721,
      "intq": {},
      "is_param": false,
      "mpool_id": 0,
      "name": "_16_Conv_output_0_scratch0_array",
      "nbits": 32,
      "offset_start": 6336,
      "qmn": {},
      "shape": [
        4,
        4,
        44,
        1
      ],
      "shape_map": [
        "H",
        "W",
        "CH",
        "CH_IN"
      ],
      "size_bytes": 2816
    },
    {
      "alignment": 4,
      "batch": 0,
      "channel_first": true,
      "channel_last": false,
      "epochs": {
        "end": 1,
        "start": 0
      },
      "flags": "STAI_FLAG_WEIGHTS|STAI_FLAG_CONST|STAI_FLAG_PREALLOCATED",
      "format": "STAI_FORMAT_FLOAT",
      "id": 1659,
      "intq": {},
      "is_param": true,
      "mpool_id": 1,
      "name": "_16_Conv_output_0_weights_array",
      "nbits": 32,
      "offset_start": 222640,
      "qmn": {},
      "shape": [
        89,
        4,
        4,
        44
      ],
      "shape_map": [
        "CH",
        "H",
        "W",
        "CH_IN"
      ],
      "size_bytes": 250624
    },
    {
      "alignment": 4,
      "batch": 0,
      "channel_first": false,
      "channel_last": true,
      "epochs": {
        "end": 49,
        "start": 45
      },
      "flags": "STAI_FLAG_PREALLOCATED|STAI_FLAG_ACTIVATIONS",
      "format": "STAI_FORMAT_FLOAT",
      "id": 1595,
      "intq": {},
      "is_param": false,
      "mpool_id": 0,
      "name": "_17_Relu_output_0_output_array",
      "nbits": 32,
      "offset_start": 0,
      "qmn": {},
      "shape": [
        5,
        5,
        89
      ],
      "shape_map": [
        "H",
        "W",
        "CH"
      ],
      "size_bytes": 8900
    },
    {
      "alignment": 4,
      "batch": 0,
      "channel_first": true,
      "channel_last": true,
      "epochs": {
        "end": 1,
        "start": 0
      },
      "flags": "STAI_FLAG_WEIGHTS|STAI_FLAG_CONST|STAI_FLAG_PREALLOCATED",
      "format": "STAI_FORMAT_FLOAT",
      "id": 1668,
      "intq": {},
      "is_param": true,
      "mpool_id": 1,
      "name": "_19_Conv_output_0_bias_array",
      "nbits": 32,
      "offset_start": 519188,
      "qmn": {},
      "shape": [
        128
      ],
      "shape_map": [
        "CH"
      ],
      "size_bytes": 512
    },
    {
      "alignment": 4,
      "batch": 0,
      "channel_first": false,
      "channel_last": true,
      "epochs": {
        "end": 52,
        "start": 48
      },
      "flags": "STAI_FLAG_PREALLOCATED|STAI_FLAG_ACTIVATIONS",
      "format": "STAI_FORMAT_FLOAT",
      "id": 1597,
      "intq": {},
      "is_param": false,
      "mpool_id": 0,
      "name": "_19_Conv_output_0_output_array",
      "nbits": 32,
      "offset_start": 9256,
      "qmn": {},
      "shape": [
        5,
        5,
        128
      ],
      "shape_map": [
        "H",
        "W",
        "CH"
      ],
      "size_bytes": 12800
    },
    {
      "alignment": 4,
      "batch": 0,
      "channel_first": false,
      "channel_last": true,
      "epochs": {
        "end": 50,
        "start": 47
      },
      "flags": "STAI_FLAG_PREALLOCATED|STAI_FLAG_ACTIVATIONS|STAI_FLAG_SCRATCHS",
      "format": "STAI_FORMAT_FLOAT",
      "id": 1728,
      "intq": {},
      "is_param": false,
      "mpool_id": 0,
      "name": "_19_Conv_output_0_scratch0_array",
      "nbits": 32,
      "offset_start": 8900,
      "qmn": {},
      "shape": [
        1,
        1,
        89,
        1
      ],
      "shape_map": [
        "H",
        "W",
        "CH",
        "CH_IN"
      ],
      "size_bytes": 356
    },
    {
      "alignment": 4,
      "batch": 0,
      "channel_first": true,
      "channel_last": false,
      "epochs": {
        "end": 1,
        "start": 0
      },
      "flags": "STAI_FLAG_WEIGHTS|STAI_FLAG_CONST|STAI_FLAG_PREALLOCATED",
      "format": "STAI_FORMAT_FLOAT",
      "id": 1665,
      "intq": {},
      "is_param": true,
      "mpool_id": 1,
      "name": "_19_Conv_output_0_weights_array",
      "nbits": 32,
      "offset_start": 473620,
      "qmn": {},
      "shape": [
        128,
        1,
        1,
        89
      ],
      "shape_map": [
        "CH",
        "H",
        "W",
        "CH_IN"
      ],
      "size_bytes": 45568
    },
    {
      "alignment": 4,
      "batch": 0,
      "channel_first": false,
      "channel_last": true,
      "epochs": {
        "end": 12,
        "start": 9
      },
      "flags": "STAI_FLAG_PREALLOCATED|STAI_FLAG_ACTIVATIONS",
      "format": "STAI_FORMAT_FLOAT",
      "id": 1567,
      "intq": {},
      "is_param": false,
      "mpool_id": 0,
      "name": "_1_Relu_output_0_output_array",
      "nbits": 32,
      "offset_start": 12480,
      "qmn": {},
      "shape": [
        31,
        31,
        22
      ],
      "shape_map": [
        "H",
        "W",
        "CH"
      ],
      "size_bytes": 84568
    },
    {
      "alignment": 4,
      "batch": 0,
      "channel_first": false,
      "channel_last": true,
      "epochs": {
        "end": 54,
        "start": 51
      },
      "flags": "STAI_FLAG_PREALLOCATED|STAI_FLAG_ACTIVATIONS",
      "format": "STAI_FORMAT_FLOAT",
      "id": 1599,
      "intq": {},
      "is_param": false,
      "mpool_id": 0,
      "name": "_20_Relu_output_0_output_array",
      "nbits": 32,
      "offset_start": 22056,
      "qmn": {},
      "shape": [
        5,
        5,
        128
      ],
      "shape_map": [
        "H",
        "W",
        "CH"
      ],
      "size_bytes": 12800
    },
    {
      "alignment": 4,
      "batch": 0,
      "channel_first": true,
      "channel_last": true,
      "epochs": {
        "end": 1,
        "start": 0
      },
      "flags": "STAI_FLAG_WEIGHTS|STAI_FLAG_CONST|STAI_FLAG_PREALLOCATED",
      "format": "STAI_FORMAT_FLOAT",
      "id": 1674,
      "intq": {},
      "is_param": true,
      "mpool_id": 1,
      "name": "_21_BatchNormalization_output_0_bias_array",
      "nbits": 32,
      "offset_start": 520212,
      "qmn": {},
      "shape": [
        128
      ],
      "shape_map": [
        "CH"
      ],
      "size_bytes": 512
    },
    {
      "alignment": 4,
      "batch": 0,
      "channel_first": false,
      "channel_last": true,
      "epochs": {
        "end": 56,
        "start": 53
      },
      "flags": "STAI_FLAG_PREALLOCATED|STAI_FLAG_ACTIVATIONS",
      "format": "STAI_FORMAT_FLOAT",
      "id": 1601,
      "intq": {},
      "is_param": false,
      "mpool_id": 0,
      "name": "_21_BatchNormalization_output_0_output_array",
      "nbits": 32,
      "offset_start": 0,
      "qmn": {},
      "shape": [
        5,
        5,
        128
      ],
      "shape_map": [
        "H",
        "W",
        "CH"
      ],
      "size_bytes": 12800
    },
    {
      "alignment": 4,
      "batch": 0,
      "channel_first": true,
      "channel_last": true,
      "epochs": {
        "end": 1,
        "start": 0
      },
      "flags": "STAI_FLAG_WEIGHTS|STAI_FLAG_CONST|STAI_FLAG_PREALLOCATED",
      "format": "STAI_FORMAT_FLOAT",
      "id": 1671,
      "intq": {},
      "is_param": true,
      "mpool_id": 1,
      "name": "_21_BatchNormalization_output_0_scale_array",
      "nbits": 32,
      "offset_start": 519700,
      "qmn": {},
      "shape": [
        128
      ],
      "shape_map": [
        "CH"
      ],
      "size_bytes": 512
    },
    {
      "alignment": 4,
      "batch": 0,
      "channel_first": false,
      "channel_last": true,
      "epochs": {
        "end": 58,
        "start": 55
      },
      "flags": "STAI_FLAG_PREALLOCATED|STAI_FLAG_ACTIVATIONS",
      "format": "STAI_FORMAT_FLOAT",
      "id": 1603,
      "intq": {},
      "is_param": false,
      "mpool_id": 0,
      "name": "_22_GlobalAveragePool_output_0_output_array",
      "nbits": 32,
      "offset_start": 12800,
      "qmn": {},
      "shape": [
        1,
        1,
        128
      ],
      "shape_map": [
        "H",
        "W",
        "CH"
      ],
      "size_bytes": 512
    },
    {
      "alignment": 4,
      "batch": 0,
      "channel_first": true,
      "channel_last": true,
      "epochs": {
        "end": 1,
        "start": 0
      },
      "flags": "STAI_FLAG_WEIGHTS|STAI_FLAG_CONST|STAI_FLAG_PREALLOCATED",
      "format": "STAI_FORMAT_FLOAT",
      "id": 1680,
      "intq": {},
      "is_param": true,
      "mpool_id": 1,
      "name": "_24_Gemm_output_0_bias_array",
      "nbits": 32,
      "offset_start": 586260,
      "qmn": {},
      "shape": [
        128
      ],
      "shape_map": [
        "CH"
      ],
      "size_bytes": 512
    },
    {
      "alignment": 4,
      "batch": 0,
      "channel_first": true,
      "channel_last": true,
      "epochs": {
        "end": 60,
        "start": 57
      },
      "flags": "STAI_FLAG_PREALLOCATED|STAI_FLAG_ACTIVATIONS",
      "format": "STAI_FORMAT_FLOAT",
      "id": 1605,
      "intq": {},
      "is_param": false,
      "mpool_id": 0,
      "name": "_24_Gemm_output_0_output_array",
      "nbits": 32,
      "offset_start": 0,
      "qmn": {},
      "shape": [
        128
      ],
      "shape_map": [
        "CH"
      ],
      "size_bytes": 512
    },
    {
      "alignment": 4,
      "batch": 0,
      "channel_first": true,
      "channel_last": true,
      "epochs": {
        "end": 1,
        "start": 0
      },
      "flags": "STAI_FLAG_WEIGHTS|STAI_FLAG_CONST|STAI_FLAG_PREALLOCATED",
      "format": "STAI_FORMAT_FLOAT",
      "id": 1677,
      "intq": {},
      "is_param": true,
      "mpool_id": 1,
      "name": "_24_Gemm_output_0_weights_array",
      "nbits": 32,
      "offset_start": 520724,
      "qmn": {},
      "shape": [
        128,
        128
      ],
      "shape_map": [
        "CH",
        "CH_IN"
      ],
      "size_bytes": 65536
    },
    {
      "alignment": 4,
      "batch": 0,
      "channel_first": true,
      "channel_last": true,
      "epochs": {
        "end": 62,
        "start": 59
      },
      "flags": "STAI_FLAG_PREALLOCATED|STAI_FLAG_ACTIVATIONS",
      "format": "STAI_FORMAT_FLOAT",
      "id": 1607,
      "intq": {},
      "is_param": false,
      "mpool_id": 0,
      "name": "_25_Relu_output_0_output_array",
      "nbits": 32,
      "offset_start": 512,
      "qmn": {},
      "shape": [
        128
      ],
      "shape_map": [
        "CH"
      ],
      "size_bytes": 512
    },
    {
      "alignment": 4,
      "batch": 0,
      "channel_first": true,
      "channel_last": true,
      "epochs": {
        "end": 1,
        "start": 0
      },
      "flags": "STAI_FLAG_WEIGHTS|STAI_FLAG_CONST|STAI_FLAG_PREALLOCATED",
      "format": "STAI_FORMAT_FLOAT",
      "id": 1620,
      "intq": {},
      "is_param": true,
      "mpool_id": 1,
      "name": "_2_BatchNormalization_output_0_bias_array",
      "nbits": 32,
      "offset_start": 4400,
      "qmn": {},
      "shape": [
        22
      ],
      "shape_map": [
        "CH"
      ],
      "size_bytes": 88
    },
    {
      "alignment": 4,
      "batch": 0,
      "channel_first": false,
      "channel_last": true,
      "epochs": {
        "end": 15,
        "start": 11
      },
      "flags": "STAI_FLAG_PREALLOCATED|STAI_FLAG_ACTIVATIONS",
      "format": "STAI_FORMAT_FLOAT",
      "id": 1569,
      "intq": {},
      "is_param": false,
      "mpool_id": 0,
      "name": "_2_BatchNormalization_output_0_output_array",
      "nbits": 32,
      "offset_start": 12480,
      "qmn": {},
      "shape": [
        31,
        31,
        22
      ],
      "shape_map": [
        "H",
        "W",
        "CH"
      ],
      "size_bytes": 84568
    },
    {
      "alignment": 4,
      "batch": 0,
      "channel_first": true,
      "channel_last": true,
      "epochs": {
        "end": 1,
        "start": 0
      },
      "flags": "STAI_FLAG_WEIGHTS|STAI_FLAG_CONST|STAI_FLAG_PREALLOCATED",
      "format": "STAI_FORMAT_FLOAT",
      "id": 1617,
      "intq": {},
      "is_param": true,
      "mpool_id": 1,
      "name": "_2_BatchNormalization_output_0_scale_array",
      "nbits": 32,
      "offset_start": 4312,
      "qmn": {},
      "shape": [
        22
      ],
      "shape_map": [
        "CH"
      ],
      "size_bytes": 88
    },
    {
      "alignment": 4,
      "batch": 0,
      "channel_first": true,
      "channel_last": true,
      "epochs": {
        "end": 1,
        "start": 0
      },
      "flags": "STAI_FLAG_WEIGHTS|STAI_FLAG_CONST|STAI_FLAG_PREALLOCATED",
      "format": "STAI_FORMAT_FLOAT",
      "id": 1626,
      "intq": {},
      "is_param": true,
      "mpool_id": 1,
      "name": "_3_Conv_output_0_bias_array",
      "nbits": 32,
      "offset_start": 35464,
      "qmn": {},
      "shape": [
        22
      ],
      "shape_map": [
        "CH"
      ],
      "size_bytes": 88
    },
    {
      "alignment": 4,
      "batch": 0,
      "channel_first": false,
      "channel_last": true,
      "epochs": {
        "end": 18,
        "start": 14
      },
      "flags": "STAI_FLAG_PREALLOCATED|STAI_FLAG_ACTIVATIONS",
      "format": "STAI_FORMAT_FLOAT",
      "id": 1571,
      "intq": {},
      "is_param": false,
      "mpool_id": 0,
      "name": "_3_Conv_output_0_output_array",
      "nbits": 32,
      "offset_start": 7024,
      "qmn": {},
      "shape": [
        30,
        30,
        22
      ],
      "shape_map": [
        "H",
        "W",
        "CH"
      ],
      "size_bytes": 79200
    },
    {
      "alignment": 4,
      "batch": 0,
      "channel_first": false,
      "channel_last": true,
      "epochs": {
        "end": 16,
        "start": 13
      },
      "flags": "STAI_FLAG_PREALLOCATED|STAI_FLAG_ACTIVATIONS|STAI_FLAG_SCRATCHS",
      "format": "STAI_FORMAT_FLOAT",
      "id": 1700,
      "intq": {},
      "is_param": false,
      "mpool_id": 0,
      "name": "_3_Conv_output_0_scratch0_array",
      "nbits": 32,
      "offset_start": 0,
      "qmn": {},
      "shape": [
        4,
        4,
        22,
        1
      ],
      "shape_map": [
        "H",
        "W",
        "CH",
        "CH_IN"
      ],
      "size_bytes": 1408
    },
    {
      "alignment": 4,
      "batch": 0,
      "channel_first": true,
      "channel_last": false,
      "epochs": {
        "end": 1,
        "start": 0
      },
      "flags": "STAI_FLAG_WEIGHTS|STAI_FLAG_CONST|STAI_FLAG_PREALLOCATED",
      "format": "STAI_FORMAT_FLOAT",
      "id": 1623,
      "intq": {},
      "is_param": true,
      "mpool_id": 1,
      "name": "_3_Conv_output_0_weights_array",
      "nbits": 32,
      "offset_start": 4488,
      "qmn": {},
      "shape": [
        22,
        4,
        4,
        22
      ],
      "shape_map": [
        "CH",
        "H",
        "W",
        "CH_IN"
      ],
      "size_bytes": 30976
    },
    {
      "alignment": 4,
      "batch": 0,
      "channel_first": false,
      "channel_last": true,
      "epochs": {
        "end": 20,
        "start": 17
      },
      "flags": "STAI_FLAG_PREALLOCATED|STAI_FLAG_ACTIVATIONS",
      "format": "STAI_FORMAT_FLOAT",
      "id": 1573,
      "intq": {},
      "is_param": false,
      "mpool_id": 0,
      "name": "_4_Relu_output_0_output_array",
      "nbits": 32,
      "offset_start": 7024,
      "qmn": {},
      "shape": [
        30,
        30,
        22
      ],
      "shape_map": [
        "H",
        "W",
        "CH"
      ],
      "size_bytes": 79200
    },
    {
      "alignment": 4,
      "batch": 0,
      "channel_first": true,
      "channel_last": true,
      "epochs": {
        "end": 1,
        "start": 0
      },
      "flags": "STAI_FLAG_WEIGHTS|STAI_FLAG_CONST|STAI_FLAG_PREALLOCATED",
      "format": "STAI_FORMAT_FLOAT",
      "id": 1632,
      "intq": {},
      "is_param": true,
      "mpool_id": 1,
      "name": "_5_BatchNormalization_output_0_bias_array",
      "nbits": 32,
      "offset_start": 35640,
      "qmn": {},
      "shape": [
        22
      ],
      "shape_map": [
        "CH"
      ],
      "size_bytes": 88
    },
    {
      "alignment": 4,
      "batch": 0,
      "channel_first": false,
      "channel_last": true,
      "epochs": {
        "end": 22,
        "start": 19
      },
      "flags": "STAI_FLAG_PREALLOCATED|STAI_FLAG_ACTIVATIONS",
      "format": "STAI_FORMAT_FLOAT",
      "id": 1575,
      "intq": {},
      "is_param": false,
      "mpool_id": 0,
      "name": "_5_BatchNormalization_output_0_output_array",
      "nbits": 32,
      "offset_start": 7024,
      "qmn": {},
      "shape": [
        30,
        30,
        22
      ],
      "shape_map": [
        "H",
        "W",
        "CH"
      ],
      "size_bytes": 79200
    },
    {
      "alignment": 4,
      "batch": 0,
      "channel_first": true,
      "channel_last": true,
      "epochs": {
        "end": 1,
        "start": 0
      },
      "flags": "STAI_FLAG_WEIGHTS|STAI_FLAG_CONST|STAI_FLAG_PREALLOCATED",
      "format": "STAI_FORMAT_FLOAT",
      "id": 1629,
      "intq": {},
      "is_param": true,
      "mpool_id": 1,
      "name": "_5_BatchNormalization_output_0_scale_array",
      "nbits": 32,
      "offset_start": 35552,
      "qmn": {},
      "shape": [
        22
      ],
      "shape_map": [
        "CH"
      ],
      "size_bytes": 88
    },
    {
      "alignment": 4,
      "batch": 0,
      "channel_first": false,
      "channel_last": true,
      "epochs": {
        "end": 25,
        "start": 21
      },
      "flags": "STAI_FLAG_PREALLOCATED|STAI_FLAG_ACTIVATIONS",
      "format": "STAI_FORMAT_FLOAT",
      "id": 1577,
      "intq": {},
      "is_param": false,
      "mpool_id": 0,
      "name": "_6_MaxPool_output_0_output_array",
      "nbits": 32,
      "offset_start": 7024,
      "qmn": {},
      "shape": [
        15,
        15,
        22
      ],
      "shape_map": [
        "H",
        "W",
        "CH"
      ],
      "size_bytes": 19800
    },
    {
      "alignment": 4,
      "batch": 0,
      "channel_first": true,
      "channel_last": true,
      "epochs": {
        "end": 1,
        "start": 0
      },
      "flags": "STAI_FLAG_WEIGHTS|STAI_FLAG_CONST|STAI_FLAG_PREALLOCATED",
      "format": "STAI_FORMAT_FLOAT",
      "id": 1638,
      "intq": {},
      "is_param": true,
      "mpool_id": 1,
      "name": "_8_Conv_output_0_bias_array",
      "nbits": 32,
      "offset_start": 97680,
      "qmn": {},
      "shape": [
        44
      ],
      "shape_map": [
        "CH"
      ],
      "size_bytes": 176
    },
    {
      "alignment": 4,
      "batch": 0,
      "channel_first": false,
      "channel_last": true,
      "epochs": {
        "end": 28,
        "start": 24
      },
      "flags": "STAI_FLAG_PREALLOCATED|STAI_FLAG_ACTIVATIONS",
      "format": "STAI_FORMAT_FLOAT",
      "id": 1579,
      "intq": {},
      "is_param": false,
      "mpool_id": 0,
      "name": "_8_Conv_output_0_output_array",
      "nbits": 32,
      "offset_start": 26824,
      "qmn": {},
      "shape": [
        14,
        14,
        44
      ],
      "shape_map": [
        "H",
        "W",
        "CH"
      ],
      "size_bytes": 34496
    },
    {
      "alignment": 4,
      "batch": 0,
      "channel_first": false,
      "channel_last": true,
      "epochs": {
        "end": 26,
        "start": 23
      },
      "flags": "STAI_FLAG_PREALLOCATED|STAI_FLAG_ACTIVATIONS|STAI_FLAG_SCRATCHS",
      "format": "STAI_FORMAT_FLOAT",
      "id": 1707,
      "intq": {},
      "is_param": false,
      "mpool_id": 0,
      "name": "_8_Conv_output_0_scratch0_array",
      "nbits": 32,
      "offset_start": 0,
      "qmn": {},
      "shape": [
        4,
        4,
        22,
        1
      ],
      "shape_map": [
        "H",
        "W",
        "CH",
        "CH_IN"
      ],
      "size_bytes": 1408
    },
    {
      "alignment": 4,
      "batch": 0,
      "channel_first": true,
      "channel_last": false,
      "epochs": {
        "end": 1,
        "start": 0
      },
      "flags": "STAI_FLAG_WEIGHTS|STAI_FLAG_CONST|STAI_FLAG_PREALLOCATED",
      "format": "STAI_FORMAT_FLOAT",
      "id": 1635,
      "intq": {},
      "is_param": true,
      "mpool_id": 1,
      "name": "_8_Conv_output_0_weights_array",
      "nbits": 32,
      "offset_start": 35728,
      "qmn": {},
      "shape": [
        44,
        4,
        4,
        22
      ],
      "shape_map": [
        "CH",
        "H",
        "W",
        "CH_IN"
      ],
      "size_bytes": 61952
    },
    {
      "alignment": 4,
      "batch": 0,
      "channel_first": false,
      "channel_last": true,
      "epochs": {
        "end": 30,
        "start": 27
      },
      "flags": "STAI_FLAG_PREALLOCATED|STAI_FLAG_ACTIVATIONS",
      "format": "STAI_FORMAT_FLOAT",
      "id": 1581,
      "intq": {},
      "is_param": false,
      "mpool_id": 0,
      "name": "_9_Relu_output_0_output_array",
      "nbits": 32,
      "offset_start": 61320,
      "qmn": {},
      "shape": [
        14,
        14,
        44
      ],
      "shape_map": [
        "H",
        "W",
        "CH"
      ],
      "size_bytes": 34496
    },
    {
      "alignment": 4,
      "batch": 0,
      "channel_first": false,
      "channel_last": true,
      "epochs": {
        "end": 7,
        "start": 3
      },
      "flags": "STAI_FLAG_PREALLOCATED|STAI_FLAG_ACTIVATIONS",
      "format": "STAI_FORMAT_FLOAT",
      "id": 1563,
      "intq": {},
      "is_param": false,
      "mpool_id": 0,
      "name": "input_Transpose_output_array",
      "nbits": 32,
      "offset_start": 192,
      "qmn": {},
      "shape": [
        32,
        32,
        3
      ],
      "shape_map": [
        "H",
        "W",
        "CH"
      ],
      "size_bytes": 12288
    },
    {
      "alignment": 4,
      "batch": 0,
      "channel_first": true,
      "channel_last": false,
      "epochs": {
        "end": 4,
        "start": 2
      },
      "flags": "STAI_FLAG_CHANNEL_FIRST|STAI_FLAG_INPUTS|STAI_FLAG_PREALLOCATED|STAI_FLAG_ACTIVATIONS",
      "format": "STAI_FORMAT_FLOAT",
      "id": 1561,
      "intq": {},
      "is_param": false,
      "mpool_id": 0,
      "name": "input_output_array",
      "nbits": 32,
      "offset_start": 12480,
      "qmn": {},
      "shape": [
        3,
        32,
        32
      ],
      "shape_map": [
        "CH",
        "H",
        "W"
      ],
      "size_bytes": 12288
    },
    {
      "alignment": 4,
      "batch": 0,
      "channel_first": true,
      "channel_last": true,
      "epochs": {
        "end": 1,
        "start": 0
      },
      "flags": "STAI_FLAG_WEIGHTS|STAI_FLAG_CONST|STAI_FLAG_PREALLOCATED",
      "format": "STAI_FORMAT_FLOAT",
      "id": 1686,
      "intq": {},
      "is_param": true,
      "mpool_id": 1,
      "name": "output_bias_array",
      "nbits": 32,
      "offset_start": 591892,
      "qmn": {},
      "shape": [
        10
      ],
      "shape_map": [
        "CH"
      ],
      "size_bytes": 40
    },
    {
      "alignment": 4,
      "batch": 0,
      "channel_first": true,
      "channel_last": true,
      "epochs": {
        "end": 63,
        "start": 61
      },
      "flags": "STAI_FLAG_OUTPUTS|STAI_FLAG_PREALLOCATED|STAI_FLAG_ACTIVATIONS",
      "format": "STAI_FORMAT_FLOAT",
      "id": 1609,
      "intq": {},
      "is_param": false,
      "mpool_id": 0,
      "name": "output_output_array",
      "nbits": 32,
      "offset_start": 0,
      "qmn": {},
      "shape": [
        10
      ],
      "shape_map": [
        "CH"
      ],
      "size_bytes": 40
    },
    {
      "alignment": 4,
      "batch": 0,
      "channel_first": true,
      "channel_last": true,
      "epochs": {
        "end": 1,
        "start": 0
      },
      "flags": "STAI_FLAG_WEIGHTS|STAI_FLAG_CONST|STAI_FLAG_PREALLOCATED",
      "format": "STAI_FORMAT_FLOAT",
      "id": 1683,
      "intq": {},
      "is_param": true,
      "mpool_id": 1,
      "name": "output_weights_array",
      "nbits": 32,
      "offset_start": 586772,
      "qmn": {},
      "shape": [
        10,
        128
      ],
      "shape_map": [
        "CH",
        "CH_IN"
      ],
      "size_bytes": 5120
    }
  ],
  "environment": {
    "generated_model": {
      "generated_time": "2025-11-01T15:10:13+0100",
      "model_files": [
        {
          "name": "network_2_data_params.h",
          "signature": "0x3bafc92221657b825c50e8107ec75464"
        },
        {
          "name": "network_2_data_params.c",
          "signature": "0x82b32d50fe72f842fcddd60ddc208e02"
        },
        {
          "name": "network_2_data.h",
          "signature": "0xf2912bea3ba940ebbafb904a24e41e04"
        },
        {
          "name": "network_2_data.c",
          "signature": "0x4c34b88f5f5dded5b425499c413bd381"
        },
        {
          "name": "network_2_config.h",
          "signature": "0x2f339795ece30c7a08722dcb6e194f57"
        },
        {
          "name": "network_2.h",
          "signature": "0xb12927d1f2039b4539c8424177f2cb3d"
        },
        {
          "name": "network_2.c",
          "signature": "0xd23f4c37df97b512906f09c778c328bb"
        }
      ],
      "name": "network_2"
    },
    "network_signature": "0x272bcda3e212a337",
    "test_name": "",
    "tools": [
      {
        "arguments": "analyze --target stm32l4 --name network_2 -m C:/Users/josse/Downloads/model.onnx --compression none --verbosity 1 --workspace C:/Users/josse/AppData/Local/Temp/mxAI_workspace354046482840016592227235539819865 --output C:/Users/josse/.stm32cubemx/network_2_output",
        "environment": [
          "STATS_TYPE=X-CUBE-AI"
        ],
        "input_model": {
          "model_files": [
            {
              "name": "model.onnx",
              "signature": "0x6a9dd80e2af4ebbc648536c72f8667be"
            }
          ],
          "n_params": 148161,
          "name": "model",
          "size": 592644,
          "type": "onnx"
        },
        "name": "ST.EdgeAI.Core",
        "version": "2.2.0-20266 2adc00962"
      }
    ]
  },
  "graphs": [
    {
      "edges": [
        {
          "buffer": 1563,
          "edge_kind": "EDGE_MEMORY",
          "end": {
            "node_id": 34,
            "port": 0
          },
          "id": 0,
          "name": "n33-p0_n34-p0",
          "start": {
            "node_id": 33,
            "port": 0
          }
        },
        {
          "buffer": 1565,
          "edge_kind": "EDGE_MEMORY",
          "end": {
            "node_id": 35,
            "port": 0
          },
          "id": 1,
          "name": "n34-p0_n35-p0",
          "start": {
            "node_id": 34,
            "port": 0
          }
        },
        {
          "buffer": 1567,
          "edge_kind": "EDGE_MEMORY",
          "end": {
            "node_id": 36,
            "port": 0
          },
          "id": 2,
          "name": "n35-p0_n36-p0",
          "start": {
            "node_id": 35,
            "port": 0
          }
        },
        {
          "buffer": 1569,
          "edge_kind": "EDGE_MEMORY",
          "end": {
            "node_id": 37,
            "port": 0
          },
          "id": 3,
          "name": "n36-p0_n37-p0",
          "start": {
            "node_id": 36,
            "port": 0
          }
        },
        {
          "buffer": 1571,
          "edge_kind": "EDGE_MEMORY",
          "end": {
            "node_id": 38,
            "port": 0
          },
          "id": 4,
          "name": "n37-p0_n38-p0",
          "start": {
            "node_id": 37,
            "port": 0
          }
        },
        {
          "buffer": 1573,
          "edge_kind": "EDGE_MEMORY",
          "end": {
            "node_id": 39,
            "port": 0
          },
          "id": 5,
          "name": "n38-p0_n39-p0",
          "start": {
            "node_id": 38,
            "port": 0
          }
        },
        {
          "buffer": 1575,
          "edge_kind": "EDGE_MEMORY",
          "end": {
            "node_id": 40,
            "port": 0
          },
          "id": 6,
          "name": "n39-p0_n40-p0",
          "start": {
            "node_id": 39,
            "port": 0
          }
        },
        {
          "buffer": 1577,
          "edge_kind": "EDGE_MEMORY",
          "end": {
            "node_id": 41,
            "port": 0
          },
          "id": 7,
          "name": "n40-p0_n41-p0",
          "start": {
            "node_id": 40,
            "port": 0
          }
        },
        {
          "buffer": 1579,
          "edge_kind": "EDGE_MEMORY",
          "end": {
            "node_id": 42,
            "port": 0
          },
          "id": 8,
          "name": "n41-p0_n42-p0",
          "start": {
            "node_id": 41,
            "port": 0
          }
        },
        {
          "buffer": 1581,
          "edge_kind": "EDGE_MEMORY",
          "end": {
            "node_id": 43,
            "port": 0
          },
          "id": 9,
          "name": "n42-p0_n43-p0",
          "start": {
            "node_id": 42,
            "port": 0
          }
        },
        {
          "buffer": 1583,
          "edge_kind": "EDGE_MEMORY",
          "end": {
            "node_id": 44,
            "port": 0
          },
          "id": 10,
          "name": "n43-p0_n44-p0",
          "start": {
            "node_id": 43,
            "port": 0
          }
        },
        {
          "buffer": 1585,
          "edge_kind": "EDGE_MEMORY",
          "end": {
            "node_id": 45,
            "port": 0
          },
          "id": 11,
          "name": "n44-p0_n45-p0",
          "start": {
            "node_id": 44,
            "port": 0
          }
        },
        {
          "buffer": 1587,
          "edge_kind": "EDGE_MEMORY",
          "end": {
            "node_id": 46,
            "port": 0
          },
          "id": 12,
          "name": "n45-p0_n46-p0",
          "start": {
            "node_id": 45,
            "port": 0
          }
        },
        {
          "buffer": 1589,
          "edge_kind": "EDGE_MEMORY",
          "end": {
            "node_id": 47,
            "port": 0
          },
          "id": 13,
          "name": "n46-p0_n47-p0",
          "start": {
            "node_id": 46,
            "port": 0
          }
        },
        {
          "buffer": 1591,
          "edge_kind": "EDGE_MEMORY",
          "end": {
            "node_id": 48,
            "port": 0
          },
          "id": 14,
          "name": "n47-p0_n48-p0",
          "start": {
            "node_id": 47,
            "port": 0
          }
        },
        {
          "buffer": 1593,
          "edge_kind": "EDGE_MEMORY",
          "end": {
            "node_id": 49,
            "port": 0
          },
          "id": 15,
          "name": "n48-p0_n49-p0",
          "start": {
            "node_id": 48,
            "port": 0
          }
        },
        {
          "buffer": 1595,
          "edge_kind": "EDGE_MEMORY",
          "end": {
            "node_id": 50,
            "port": 0
          },
          "id": 16,
          "name": "n49-p0_n50-p0",
          "start": {
            "node_id": 49,
            "port": 0
          }
        },
        {
          "buffer": 1597,
          "edge_kind": "EDGE_MEMORY",
          "end": {
            "node_id": 51,
            "port": 0
          },
          "id": 17,
          "name": "n50-p0_n51-p0",
          "start": {
            "node_id": 50,
            "port": 0
          }
        },
        {
          "buffer": 1599,
          "edge_kind": "EDGE_MEMORY",
          "end": {
            "node_id": 52,
            "port": 0
          },
          "id": 18,
          "name": "n51-p0_n52-p0",
          "start": {
            "node_id": 51,
            "port": 0
          }
        },
        {
          "buffer": 1601,
          "edge_kind": "EDGE_MEMORY",
          "end": {
            "node_id": 53,
            "port": 0
          },
          "id": 19,
          "name": "n52-p0_n53-p0",
          "start": {
            "node_id": 52,
            "port": 0
          }
        },
        {
          "buffer": 1603,
          "edge_kind": "EDGE_MEMORY",
          "end": {
            "node_id": 54,
            "port": 0
          },
          "id": 20,
          "name": "n53-p0_n54-p0",
          "start": {
            "node_id": 53,
            "port": 0
          }
        },
        {
          "buffer": 1605,
          "edge_kind": "EDGE_MEMORY",
          "end": {
            "node_id": 55,
            "port": 0
          },
          "id": 21,
          "name": "n54-p0_n55-p0",
          "start": {
            "node_id": 54,
            "port": 0
          }
        },
        {
          "buffer": 1607,
          "edge_kind": "EDGE_MEMORY",
          "end": {
            "node_id": 56,
            "port": 0
          },
          "id": 22,
          "name": "n55-p0_n56-p0",
          "start": {
            "node_id": 55,
            "port": 0
          }
        }
      ],
      "id": 0,
      "inputs": [
        1561
      ],
      "name": "model",
      "nodes": [
        {
          "attributes": {
            "c_remapping": "{CH: H, H: W, W: CH}",
            "switch_channel_position": "True",
            "transpose_shape_map": "False"
          },
          "description": "Transpose",
          "id": 33,
          "inputs": [
            1561
          ],
          "macc": 1536,
          "mapping": "NODE_SW",
          "name": "input_Transpose",
          "original_nodes": [
            "2"
          ],
          "outputs": [
            1563
          ],
          "scratchs": [],
          "subgraph_nodes": [],
          "sw_functions": [
            "forward_transpose"
          ]
        },
        {
          "attributes": {
            "dilation": "{H: 1, W: 1}",
            "filter_size": "(4, 4)",
            "groups": "1",
            "is_depthwise": "False",
            "num_filters": "22",
            "orig_num_filters": "None",
            "orig_pad": "(1, 1, 1, 1)",
            "pad": "{H: (1, 1), W: (1, 1)}",
            "pad_strategy": "NOTSET",
            "pad_value": "0",
            "stride": "(1, 1)",
            "use_bias": "True",
            "weights_prefetch": "True"
          },
          "description": "Conv2D",
          "id": 34,
          "inputs": [
            1563,
            1611,
            1614
          ],
          "macc": 1014838,
          "mapping": "NODE_SW",
          "name": "_0_Conv_output_0",
          "original_nodes": [
            "1"
          ],
          "outputs": [
            1565
          ],
          "scratchs": [
            1693
          ],
          "subgraph_nodes": [],
          "sw_functions": [
            "forward_conv2d_if32of32wf32"
          ]
        },
        {
          "attributes": {
            "nonlinearity": "relu"
          },
          "description": "Nonlinearity",
          "id": 35,
          "inputs": [
            1565
          ],
          "macc": 21142,
          "mapping": "NODE_SW",
          "name": "_1_Relu_output_0",
          "original_nodes": [
            "2"
          ],
          "outputs": [
            1567
          ],
          "scratchs": [],
          "subgraph_nodes": [],
          "sw_functions": [
            "forward_relu"
          ]
        },
        {
          "attributes": {
            "epsilon": "9.999999747378752e-06",
            "ir_axis": "CH",
            "momentum": "0.8999999761581421",
            "use_bias": "True"
          },
          "description": "ScaleBias",
          "id": 36,
          "inputs": [
            1567,
            1617,
            1620
          ],
          "macc": 42284,
          "mapping": "NODE_SW",
          "name": "_2_BatchNormalization_output_0",
          "original_nodes": [
            "3"
          ],
          "outputs": [
            1569
          ],
          "scratchs": [],
          "subgraph_nodes": [],
          "sw_functions": [
            "forward_bn"
          ]
        },
        {
          "attributes": {
            "dilation": "{H: 1, W: 1}",
            "filter_size": "(4, 4)",
            "groups": "1",
            "is_depthwise": "False",
            "num_filters": "22",
            "orig_num_filters": "None",
            "orig_pad": "(1, 1, 1, 1)",
            "pad": "{H: (1, 1), W: (1, 1)}",
            "pad_strategy": "NOTSET",
            "pad_value": "0",
            "stride": "(1, 1)",
            "use_bias": "True",
            "weights_prefetch": "True"
          },
          "description": "Conv2D",
          "id": 37,
          "inputs": [
            1569,
            1623,
            1626
          ],
          "macc": 6969622,
          "mapping": "NODE_SW",
          "name": "_3_Conv_output_0",
          "original_nodes": [
            "4"
          ],
          "outputs": [
            1571
          ],
          "scratchs": [
            1700
          ],
          "subgraph_nodes": [],
          "sw_functions": [
            "forward_conv2d_if32of32wf32"
          ]
        },
        {
          "attributes": {
            "nonlinearity": "relu"
          },
          "description": "Nonlinearity",
          "id": 38,
          "inputs": [
            1571
          ],
          "macc": 19800,
          "mapping": "NODE_SW",
          "name": "_4_Relu_output_0",
          "original_nodes": [
            "5"
          ],
          "outputs": [
            1573
          ],
          "scratchs": [],
          "subgraph_nodes": [],
          "sw_functions": [
            "forward_relu"
          ]
        },
        {
          "attributes": {
            "epsilon": "9.999999747378752e-06",
            "ir_axis": "CH",
            "momentum": "0.8999999761581421",
            "use_bias": "True"
          },
          "description": "ScaleBias",
          "id": 39,
          "inputs": [
            1573,
            1629,
            1632
          ],
          "macc": 39600,
          "mapping": "NODE_SW",
          "name": "_5_BatchNormalization_output_0",
          "original_nodes": [
            "6"
          ],
          "outputs": [
            1575
          ],
          "scratchs": [],
          "subgraph_nodes": [],
          "sw_functions": [
            "forward_bn"
          ]
        },
        {
          "attributes": {
            "ceil_mode": "floor",
            "pad_strategy": "NOTSET",
            "pool_function": "max",
            "pool_pad": "{H: (0, 0), W: (0, 0)}",
            "pool_size": "(2, 2)",
            "pool_stride": "(2, 2)"
          },
          "description": "Pool",
          "id": 40,
          "inputs": [
            1575
          ],
          "macc": 19800,
          "mapping": "NODE_SW",
          "name": "_6_MaxPool_output_0",
          "original_nodes": [
            "7"
          ],
          "outputs": [
            1577
          ],
          "scratchs": [],
          "subgraph_nodes": [],
          "sw_functions": [
            "forward_mp"
          ]
        },
        {
          "attributes": {
            "dilation": "{H: 1, W: 1}",
            "filter_size": "(4, 4)",
            "groups": "1",
            "is_depthwise": "False",
            "num_filters": "44",
            "orig_num_filters": "None",
            "orig_pad": "(1, 1, 1, 1)",
            "pad": "{H: (1, 1), W: (1, 1)}",
            "pad_strategy": "NOTSET",
            "pad_value": "0",
            "stride": "(1, 1)",
            "use_bias": "True",
            "weights_prefetch": "True"
          },
          "description": "Conv2D",
          "id": 41,
          "inputs": [
            1577,
            1635,
            1638
          ],
          "macc": 3035692,
          "mapping": "NODE_SW",
          "name": "_8_Conv_output_0",
          "original_nodes": [
            "8"
          ],
          "outputs": [
            1579
          ],
          "scratchs": [
            1707
          ],
          "subgraph_nodes": [],
          "sw_functions": [
            "forward_conv2d_if32of32wf32"
          ]
        },
        {
          "attributes": {
            "nonlinearity": "relu"
          },
          "description": "Nonlinearity",
          "id": 42,
          "inputs": [
            1579
          ],
          "macc": 8624,
          "mapping": "NODE_SW",
          "name": "_9_Relu_output_0",
          "original_nodes": [
            "9"
          ],
          "outputs": [
            1581
          ],
          "scratchs": [],
          "subgraph_nodes": [],
          "sw_functions": [
            "forward_relu"
          ]
        },
        {
          "attributes": {
            "epsilon": "9.999999747378752e-06",
            "ir_axis": "CH",
            "momentum": "0.8999999761581421",
            "use_bias": "True"
          },
          "description": "ScaleBias",
          "id": 43,
          "inputs": [
            1581,
            1641,
            1644
          ],
          "macc": 17248,
          "mapping": "NODE_SW",
          "name": "_10_BatchNormalization_output_0",
          "original_nodes": [
            "10"
          ],
          "outputs": [
            1583
          ],
          "scratchs": [],
          "subgraph_nodes": [],
          "sw_functions": [
            "forward_bn"
          ]
        },
        {
          "attributes": {
            "dilation": "{H: 1, W: 1}",
            "filter_size": "(4, 4)",
            "groups": "1",
            "is_depthwise": "False",
            "num_filters": "44",
            "orig_num_filters": "None",
            "orig_pad": "(1, 1, 1, 1)",
            "pad": "{H: (1, 1), W: (1, 1)}",
            "pad_strategy": "NOTSET",
            "pad_value": "0",
            "stride": "(1, 1)",
            "use_bias": "True",
            "weights_prefetch": "True"
          },
          "description": "Conv2D",
          "id": 44,
          "inputs": [
            1583,
            1647,
            1650
          ],
          "macc": 5234988,
          "mapping": "NODE_SW",
          "name": "_11_Conv_output_0",
          "original_nodes": [
            "11"
          ],
          "outputs": [
            1585
          ],
          "scratchs": [
            1714
          ],
          "subgraph_nodes": [],
          "sw_functions": [
            "forward_conv2d_if32of32wf32"
          ]
        },
        {
          "attributes": {
            "nonlinearity": "relu"
          },
          "description": "Nonlinearity",
          "id": 45,
          "inputs": [
            1585
          ],
          "macc": 7436,
          "mapping": "NODE_SW",
          "name": "_12_Relu_output_0",
          "original_nodes": [
            "12"
          ],
          "outputs": [
            1587
          ],
          "scratchs": [],
          "subgraph_nodes": [],
          "sw_functions": [
            "forward_relu"
          ]
        },
        {
          "attributes": {
            "epsilon": "9.999999747378752e-06",
            "ir_axis": "CH",
            "momentum": "0.8999999761581421",
            "use_bias": "True"
          },
          "description": "ScaleBias",
          "id": 46,
          "inputs": [
            1587,
            1653,
            1656
          ],
          "macc": 14872,
          "mapping": "NODE_SW",
          "name": "_13_BatchNormalization_output_0",
          "original_nodes": [
            "13"
          ],
          "outputs": [
            1589
          ],
          "scratchs": [],
          "subgraph_nodes": [],
          "sw_functions": [
            "forward_bn"
          ]
        },
        {
          "attributes": {
            "ceil_mode": "floor",
            "pad_strategy": "NOTSET",
            "pool_function": "max",
            "pool_pad": "{H: (0, 0), W: (0, 0)}",
            "pool_size": "(2, 2)",
            "pool_stride": "(2, 2)"
          },
          "description": "Pool",
          "id": 47,
          "inputs": [
            1589
          ],
          "macc": 6336,
          "mapping": "NODE_SW",
          "name": "_14_MaxPool_output_0",
          "original_nodes": [
            "14"
          ],
          "outputs": [
            1591
          ],
          "scratchs": [],
          "subgraph_nodes": [],
          "sw_functions": [
            "forward_mp"
          ]
        },
        {
          "attributes": {
            "dilation": "{H: 1, W: 1}",
            "filter_size": "(4, 4)",
            "groups": "1",
            "is_depthwise": "False",
            "num_filters": "89",
            "orig_num_filters": "None",
            "orig_pad": "(1, 1, 1, 1)",
            "pad": "{H: (1, 1), W: (1, 1)}",
            "pad_strategy": "NOTSET",
            "pad_value": "0",
            "stride": "(1, 1)",
            "use_bias": "True",
            "weights_prefetch": "True"
          },
          "description": "Conv2D",
          "id": 48,
          "inputs": [
            1591,
            1659,
            1662
          ],
          "macc": 1566489,
          "mapping": "NODE_SW",
          "name": "_16_Conv_output_0",
          "original_nodes": [
            "15"
          ],
          "outputs": [
            1593
          ],
          "scratchs": [
            1721
          ],
          "subgraph_nodes": [],
          "sw_functions": [
            "forward_conv2d_if32of32wf32"
          ]
        },
        {
          "attributes": {
            "nonlinearity": "relu"
          },
          "description": "Nonlinearity",
          "id": 49,
          "inputs": [
            1593
          ],
          "macc": 2225,
          "mapping": "NODE_SW",
          "name": "_17_Relu_output_0",
          "original_nodes": [
            "16"
          ],
          "outputs": [
            1595
          ],
          "scratchs": [],
          "subgraph_nodes": [],
          "sw_functions": [
            "forward_relu"
          ]
        },
        {
          "attributes": {
            "dilation": "{H: 1, W: 1}",
            "filter_size": "(1, 1)",
            "groups": "1",
            "is_depthwise": "False",
            "num_filters": "128",
            "orig_num_filters": "None",
            "orig_pad": "(0, 0, 0, 0)",
            "pad": "{H: (0, 0), W: (0, 0)}",
            "pad_strategy": "NOTSET",
            "pad_value": "0",
            "stride": "(1, 1)",
            "use_bias": "True",
            "weights_prefetch": "True"
          },
          "description": "Conv2D",
          "id": 50,
          "inputs": [
            1595,
            1665,
            1668
          ],
          "macc": 284928,
          "mapping": "NODE_SW",
          "name": "_19_Conv_output_0",
          "original_nodes": [
            "18"
          ],
          "outputs": [
            1597
          ],
          "scratchs": [
            1728
          ],
          "subgraph_nodes": [],
          "sw_functions": [
            "forward_conv2d_if32of32wf32"
          ]
        },
        {
          "attributes": {
            "nonlinearity": "relu"
          },
          "description": "Nonlinearity",
          "id": 51,
          "inputs": [
            1597
          ],
          "macc": 3200,
          "mapping": "NODE_SW",
          "name": "_20_Relu_output_0",
          "original_nodes": [
            "19"
          ],
          "outputs": [
            1599
          ],
          "scratchs": [],
          "subgraph_nodes": [],
          "sw_functions": [
            "forward_relu"
          ]
        },
        {
          "attributes": {
            "epsilon": "9.999999747378752e-06",
            "ir_axis": "CH",
            "momentum": "0.8999999761581421",
            "use_bias": "True"
          },
          "description": "ScaleBias",
          "id": 52,
          "inputs": [
            1599,
            1671,
            1674
          ],
          "macc": 6400,
          "mapping": "NODE_SW",
          "name": "_21_BatchNormalization_output_0",
          "original_nodes": [
            "20"
          ],
          "outputs": [
            1601
          ],
          "scratchs": [],
          "subgraph_nodes": [],
          "sw_functions": [
            "forward_bn"
          ]
        },
        {
          "attributes": {
            "ceil_mode": "floor",
            "pool_function": "avg",
            "pool_pad": "{H: (0, 0), W: (0, 0)}",
            "pool_size": "(5, 5)",
            "pool_stride": "(5, 5)"
          },
          "description": "Pool",
          "id": 53,
          "inputs": [
            1601
          ],
          "macc": 3200,
          "mapping": "NODE_SW",
          "name": "_22_GlobalAveragePool_output_0",
          "original_nodes": [
            "21"
          ],
          "outputs": [
            1603
          ],
          "scratchs": [],
          "subgraph_nodes": [],
          "sw_functions": [
            "forward_ap"
          ]
        },
        {
          "attributes": {
            "num_units": "128",
            "use_bias": "True"
          },
          "description": "Dense",
          "id": 54,
          "inputs": [
            1603,
            1677,
            1680
          ],
          "macc": 16512,
          "mapping": "NODE_SW",
          "name": "_24_Gemm_output_0",
          "original_nodes": [
            "23"
          ],
          "outputs": [
            1605
          ],
          "scratchs": [],
          "subgraph_nodes": [],
          "sw_functions": [
            "forward_dense"
          ]
        },
        {
          "attributes": {
            "nonlinearity": "relu"
          },
          "description": "Nonlinearity",
          "id": 55,
          "inputs": [
            1605
          ],
          "macc": 128,
          "mapping": "NODE_SW",
          "name": "_25_Relu_output_0",
          "original_nodes": [
            "24"
          ],
          "outputs": [
            1607
          ],
          "scratchs": [],
          "subgraph_nodes": [],
          "sw_functions": [
            "forward_relu"
          ]
        },
        {
          "attributes": {
            "num_units": "10",
            "use_bias": "True"
          },
          "description": "Dense",
          "id": 56,
          "inputs": [
            1607,
            1683,
            1686
          ],
          "macc": 1290,
          "mapping": "NODE_SW",
          "name": "output",
          "original_nodes": [
            "25"
          ],
          "outputs": [
            1609
          ],
          "scratchs": [],
          "subgraph_nodes": [],
          "sw_functions": [
            "forward_dense"
          ]
        }
      ],
      "original_inputs": [
        {
          "c_shape_map": [],
          "data_format": {
            "quantizer": "NONE",
            "scale": [],
            "size": 32,
            "type": "FLOAT",
            "zero": []
          },
          "name": "input",
          "shape": [
            1,
            3,
            32,
            32
          ],
          "shape_map": [
            "BATCH",
            "CH",
            "H",
            "W"
          ]
        }
      ],
      "original_outputs": [
        {
          "c_shape_map": [],
          "data_format": {
            "quantizer": "NONE",
            "scale": [],
            "size": 32,
            "type": "FLOAT",
            "zero": []
          },
          "name": "output",
          "shape": [
            1,
            10
          ],
          "shape_map": [
            "BATCH",
            "CH"
          ]
        }
      ],
      "outputs": [
        1609
      ]
    }
  ],
  "json_schema_version": "2.0",
  "memory_footprint": {
    "activations": 97048,
    "io": [
      0,
      0
    ],
    "kernel_flash": 19084,
    "kernel_ram": 7588,
    "series": "stm32l4",
    "toolchain": "arm-none-eabi-gcc (GNU Tools for STM32 13.3.rel1.20240926-1715) 13.3.1 20240614",
    "toolchain_flash": 0,
    "toolchain_ram": 0,
    "weights": 591932
  },
  "memory_pools": [
    {
      "address": "NULL",
      "alignment": 4,
      "attributes": {
        "latency": "HIGH",
        "score": 768,
        "throughput": "LOW"
      },
      "buffers": [
        1561,
        1563,
        1565,
        1567,
        1569,
        1571,
        1573,
        1575,
        1577,
        1579,
        1581,
        1583,
        1585,
        1587,
        1589,
        1591,
        1593,
        1595,
        1597,
        1599,
        1601,
        1603,
        1605,
        1607,
        1609,
        1693,
        1700,
        1707,
        1714,
        1721,
        1728
      ],
      "id": 0,
      "name": "heap_overlay_pool",
      "offset_start": 0,
      "persistent": false,
      "rights": "ACC_WRITE",
      "size_bytes": -1,
      "subpools": [],
      "used_size_bytes": 97048,
      "user_allocated": false,
      "virtual": false
    },
    {
      "address": "s_network_2_weights_array_u64",
      "alignment": 0,
      "attributes": {
        "latency": "UNDEF",
        "score": 0,
        "throughput": "UNDEF"
      },
      "buffers": [
        1611,
        1614,
        1617,
        1620,
        1623,
        1626,
        1629,
        1632,
        1635,
        1638,
        1641,
        1644,
        1647,
        1650,
        1653,
        1656,
        1659,
        1662,
        1665,
        1668,
        1671,
        1674,
        1677,
        1680,
        1683,
        1686
      ],
      "id": 1,
      "name": "weights_array",
      "offset_start": 0,
      "persistent": true,
      "rights": "ACC_READ",
      "size_bytes": -1,
      "subpools": [],
      "used_size_bytes": 591932,
      "user_allocated": false,
      "virtual": false
    }
  ]
}